0,1,2,3,4,5
1719878400000,62900.0,63288.83,61806.28,62135.47,18573.11875
1719964800000,62135.46,62285.94,59400.0,60208.58,32160.11127
1720051200000,60208.57,60498.19,56771.0,57050.01,54568.77276
1720137600000,57050.02,57546.0,53485.93,56628.79,81348.24756
1720224000000,56628.79,58475.0,56018.0,58230.13,21651.31558
1720310400000,58230.13,58449.46,55724.37,55857.81,19118.93918
1720396800000,55857.81,58236.73,54260.16,56714.62,48090.2049
1720483200000,56714.61,58296.0,56289.45,58050.0,27732.20788
1720569600000,58050.0,59470.0,57157.79,57725.85,24951.73799
1720656000000,57725.85,59650.0,57050.0,57339.89,29761.05735
1720742400000,57339.89,58526.68,56542.47,57889.1,23652.4569
1720828800000,57889.09,59850.0,57756.63,59204.02,15357.74519
1720915200000,59204.01,61420.69,59194.01,60797.91,21178.33907
1721001600000,60797.91,64900.0,60632.3,64724.14,38690.9782
1721088000000,64724.06,65388.97,62373.24,65043.99,42530.52915
1721174400000,65044.0,66128.63,63854.0,64087.99,29567.52954
1721260800000,64087.99,65133.3,63238.48,63987.92,22568.7225
1721347200000,63987.92,67386.0,63300.67,66660.0,35634.72739
1721433600000,66660.01,67598.0,66222.46,67139.96,14386.92434
1721520000000,67139.97,68366.66,65777.0,68165.34,21819.11191
1721606400000,68165.35,68474.55,66559.97,67532.01,21451.04303
1721692800000,67532.0,67750.98,65441.08,65936.01,31406.15316
1721779200000,65936.0,67102.01,65111.0,65376.0,23082.56277
1721865600000,65376.01,66175.49,63456.7,65799.95,35126.42934
1721952000000,65799.95,68200.0,65722.63,67907.99,24244.36023
1722038400000,67908.0,69399.99,66650.0,67896.5,31710.21921
1722124800000,67896.49,68318.43,67066.66,68249.88,10868.69394
1722211200000,68249.88,70079.99,66428.0,66784.69,36467.29633
1722297600000,66784.68,67000.0,65302.67,66188.0,23132.25441
1722384000000,66188.0,66849.24,64530.0,64628.0,22625.43905
1722470400000,64628.01,65659.78,62302.0,65354.02,35542.26854
1722556800000,65354.02,65596.14,61230.01,61498.33,38820.42937
1722643200000,61498.34,62198.22,59850.0,60697.99,28034.71567
1722729600000,60697.99,61117.63,57122.77,58161.0,31616.52003
1722816000000,58161.0,58305.59,49000.0,54018.81,162065.59186
1722902400000,54018.82,57040.99,53950.0,56022.01,55884.77676
1722988800000,56022.0,57736.05,54558.62,55134.16,44269.37684
1723075200000,55133.76,62745.14,54730.0,61685.99,48349.52949
1723161600000,61686.0,61744.37,59535.0,60837.99,30972.48017
1723248000000,60837.99,61470.58,60242.0,60923.51,9995.20621
1723334400000,60923.51,61858.0,58286.73,58712.59,19189.84512
1723420800000,58712.59,60711.09,57642.21,59346.64,37009.91743
1723507200000,59346.64,61578.1,58392.88,60587.15,27858.95851
1723593600000,60587.16,61800.0,58433.18,58683.39,28422.76326
1723680000000,58683.39,59849.38,56078.54,57541.06,37686.17622
1723766400000,57541.05,59817.76,57098.62,58874.6,27610.84344
1723852800000,58874.59,59700.0,58785.05,59491.99,7721.72931
1723939200000,59491.99,60284.99,58408.92,58427.35,13634.85717
1724025600000,58427.35,59617.63,57787.3,59438.5,22809.31251
1724112000000,59438.5,61400.0,58548.23,59013.8,31477.44548
1724198400000,59013.8,61820.93,58783.47,61156.03,27983.6422
1724284800000,61156.03,61400.0,59724.87,60375.84,21241.20588
1724371200000,60375.83,64955.0,60342.14,64037.24,38118.07089
1724457600000,64037.24,64494.5,63531.0,64157.01,15857.15616
1724544000000,64157.02,65000.0,63773.27,64220.0,12305.47977
1724630400000,64219.99,64481.0,62800.0,62834.0,19470.05276
1724716800000,62834.0,63212.0,58034.01,59415.0,35135.94178
1724803200000,59415.0,60234.98,57860.0,59034.9,36868.54275
1724889600000,59034.9,61166.99,58713.09,59359.01,27020.90743
1724976000000,59359.0,59944.07,57701.1,59123.99,28519.32195
1725062400000,59123.99,59462.38,58744.0,58973.99,8798.409
1725148800000,58974.0,59076.59,57201.0,57301.86,20705.15741
1725235200000,57301.77,59425.69,57128.0,59132.13,22895.01461
1725321600000,59132.12,59809.65,57415.0,57487.73,22828.18447
1725408000000,57487.74,58519.0,55606.0,57970.9,35560.82146
1725494400000,57970.9,58327.07,55643.65,56180.0,27806.91413
1725580800000,56180.0,57008.0,52550.0,53962.97,54447.76826
1725667200000,53962.97,54850.0,53745.54,54160.86,16694.04774
1725753600000,54160.86,55318.0,53629.01,54869.95,16274.14779
1725840000000,54869.95,58088.0,54591.96,57042.0,32384.51737
1725926400000,57042.01,58044.36,56386.4,57635.99,23626.78126
1726012800000,57635.99,57981.71,55545.19,57338.0,33026.56757
1726099200000,57338.0,58588.0,57324.0,58132.32,31074.40631
1726185600000,58132.31,60625.0,57632.62,60498.0,29825.23333
1726272000000,60497.99,60610.45,59400.0,59993.03,12137.90901
1726358400000,59993.02,60395.8,58691.05,59132.0,13757.92361
1726444800000,59132.0,59210.7,57493.3,58213.99,26477.5642
1726531200000,58213.99,61320.0,57610.01,60313.99,33116.25878
1726617600000,60313.99,61786.24,59174.8,61759.99,36087.02469
1726704000000,61759.98,63850.0,61555.0,62947.99,34332.52608
1726790400000,62948.0,64133.32,62350.0,63201.05,25466.37794
1726876800000,63201.05,63559.9,62758.0,63348.96,8375.34608
1726963200000,63348.97,64000.0,62357.93,63578.76,14242.19892
1727049600000,63578.76,64745.88,62538.75,63339.99,24078.05287
1727136000000,63339.99,64688.0,62700.0,64262.7,23185.04759
1727222400000,64262.7,64817.99,62947.08,63152.01,17813.11168
1727308800000,63152.01,65839.0,62670.0,65173.99,28373.30593
1727395200000,65173.99,66498.0,64819.9,65769.95,22048.80487
1727481600000,65769.95,66260.0,65422.23,65858.0,9127.23316
1727568000000,65858.0,66076.12,65432.0,65602.01,8337.74111
1727654400000,65602.01,65618.8,62856.3,63327.59,30011.08752
1727740800000,63327.6,64130.63,60164.0,60805.78,43671.48108
1727827200000,60804.92,62390.31,60000.0,60649.28,31534.70118
1727913600000,60649.27,61477.19,59828.11,60752.71,26221.43472
1728000000000,60752.72,62484.85,60459.9,62086.0,21294.65994
1728086400000,62086.0,62370.56,61689.26,62058.0,7807.46141
1728172800000,62058.01,62975.0,61798.97,62819.91,8906.86177
1728259200000,62819.91,64478.19,62128.0,62224.0,25966.1852
1728345600000,62224.01,63200.0,61860.31,62160.49,19702.22371
1728432000000,62160.5,62543.75,60301.0,60636.02,20011.15684
1728518400000,60636.01,61321.68,58946.0,60326.39,23967.92481
1728604800000,60326.4,63417.56,60087.64,62540.0,23641.35209
1728691200000,62539.99,63480.0,62487.23,63206.22,10911.30116
1728777600000,63206.23,63285.72,62050.0,62870.02,11909.21995
1728864000000,62870.02,66500.0,62457.81,66083.99,37669.95222
1728950400000,66084.0,67950.0,64800.01,67074.14,43683.95423
1729036800000,67074.14,68424.0,66750.49,67620.01,29938.25544
1729123200000,67620.0,67939.4,66666.0,67421.78,25328.22861
1729209600000,67421.78,69000.0,67192.36,68428.0,28725.635
1729296000000,68427.99,68693.26,68010.0,68378.0,8193.66737
1729382400000,68377.99,69400.0,68100.0,69031.99,12442.47378
1729468800000,69032.0,69519.52,66840.67,67377.5,31374.42184
1729555200000,67377.5,67836.01,66571.42,67426.0,24598.96268
1729641600000,67426.01,67472.83,65260.0,66668.65,25530.2407
1729728000000,66668.65,68850.0,66510.0,68198.28,22589.83877
1729814400000,68198.27,68771.49,65596.29,66698.33,34479.71125
1729900800000,66698.32,67454.55,66439.9,67092.76,11842.9077
1729987200000,67092.76,68332.05,66913.73,68021.7,8653.19592
1730073600000,68021.69,70270.0,67618.0,69962.21,29046.75459
1730160000000,69962.21,73620.12,69760.0,72736.42,50128.60594
1730246400000,72736.41,72961.0,71436.0,72344.74,26885.99056
1730332800000,72344.75,72700.0,69685.76,70292.01,29352.10297
1730419200000,70292.01,71632.95,68820.14,69496.01,38301.86755
1730505600000,69496.0,69914.37,69000.14,69374.74,10521.67243
1730592000000,69374.74,69391.0,67478.73,68775.99,24995.70243
1730678400000,68775.99,69500.0,66835.0,67850.01,29800.39187
1730764800000,67850.01,70577.91,67476.63,69372.01,33355.06888
1730851200000,69372.01,76400.0,69298.0,75571.99,104126.994787
1730937600000,75571.99,76849.99,74416.0,75857.89,44869.422345
1731024000000,75857.89,77199.99,75555.0,76509.78,36521.099583
1731110400000,76509.78,76900.0,75714.66,76677.46,16942.07915
1731196800000,76677.46,81500.0,76492.0,80370.01,61830.100435
1731283200000,80370.01,89530.54,80216.01,88647.99,82323.665776
1731369600000,88648.0,89940.0,85072.0,87952.01,97299.887911
1731456000000,87952.0,93265.64,86127.99,90375.2,86763.854127
1731542400000,90375.21,91790.0,86668.21,87325.59,56729.51086
1731628800000,87325.59,91850.0,87073.38,91032.07,47927.95068
1731715200000,91032.08,91779.66,90056.17,90586.92,22717.87689
1731801600000,90587.98,91449.99,88722.0,89855.99,23867.55609
1731888000000,89855.98,92594.0,89376.9,90464.08,46545.03448
1731974400000,90464.07,93905.51,90357.0,92310.79,43660.04682
1732060800000,92310.8,94831.97,91500.0,94286.56,42203.198712
1732147200000,94286.56,98988.0,94040.0,98317.12,69228.360477
1732233600000,98317.12,99588.01,97122.11,98892.0,46189.309243
1732320000000,98892.0,98908.85,97136.0,97672.4,24757.84367
1732406400000,97672.4,98564.0,95734.77,97900.04,31200.97838
1732492800000,97900.05,98871.8,92600.19,93010.01,50847.45096
1732579200000,93010.01,94973.37,90791.1,91965.16,57858.73138
1732665600000,91965.16,97208.21,91792.14,95863.11,41153.42734
1732752000000,95863.11,96564.0,94640.0,95643.98,28814.54357
1732838400000,95643.99,98619.99,95364.99,97460.0,27701.78231
1732924800000,97460.0,97463.95,96092.01,96407.99,14503.83306
1733011200000,96407.99,97836.0,95693.88,97185.18,16938.60452
1733097600000,97185.17,98130.0,94395.0,95840.62,37958.66981
1733184000000,95840.61,96305.52,93578.17,95849.69,35827.32283
1733270400000,95849.69,99000.0,94587.83,98587.32,43850.53728
1733356800000,98587.32,104088.0,90500.0,96945.63,109921.729662
1733443200000,96945.63,101898.99,95981.72,99740.84,45049.5331
1733529600000,99740.84,100439.18,98844.0,99831.99,14931.9459
1733616000000,99831.99,101351.0,98657.7,101109.59,14612.99688
1733702400000,101109.6,101215.93,94150.05,97276.47,53949.11595
1733788800000,97276.48,98270.0,94256.54,96593.0,51708.68933
1733875200000,96593.0,101888.0,95658.24,101125.0,37753.78291
1733961600000,101125.0,102540.0,99311.64,100004.29,29232.08745
1734048000000,100004.29,101895.26,99205.0,101424.25,21904.03923
1734134400000,101424.24,102650.0,100609.41,101420.0,14191.70326
1734220800000,101420.0,105250.0,101237.14,104463.99,22228.921775
1734307200000,104463.99,107793.07,103333.0,106058.66,41302.40274
1734393600000,106058.65,108353.0,105321.49,106133.74,29064.936466
1734480000000,106133.74,106524.98,100000.0,100204.01,50307.99755
1734566400000,100204.01,102800.11,95700.0,97461.86,55147.398
1734652800000,97461.86,98233.0,92232.54,97805.44,62884.1357
1734739200000,97805.44,99540.61,96398.39,97291.99,23483.54143
1734825600000,97292.0,97448.08,94250.35,95186.27,19353.83036
1734912000000,95186.28,96538.92,92520.0,94881.47,32810.76703
1734998400000,94881.47,99487.99,93569.02,98663.58,23674.22488
1735084800000,98663.58,99569.15,97632.02,99429.6,14474.1651
1735171200000,99429.61,99963.7,95199.14,95791.6,21192.36727
1735257600000,95791.6,97544.58,93500.01,94299.03,26501.26429
1735344000000,94299.03,95733.99,94135.66,95300.0,8385.8929
1735430400000,95300.0,95340.0,93009.52,93738.2,13576.00578
1735516800000,93738.19,95024.5,91530.45,92792.05,27619.4225
1735603200000,92792.05,96250.0,92033.73,93576.0,19612.03389
1735689600000,93576.0,95151.15,92888.0,94591.79,10373.32613
1735776000000,94591.78,97839.5,94392.0,96984.79,21970.48948
1735862400000,96984.79,98976.91,96100.01,98174.18,15253.82936
1735948800000,98174.17,98778.43,97514.79,98220.5,8990.05651
1736035200000,98220.51,98836.85,97276.79,98363.61,8095.63723
1736121600000,98363.61,102480.0,97920.0,102235.6,25263.43375
1736208000000,102235.6,102724.38,96181.81,96954.61,32059.87537
1736294400000,96954.6,97268.65,92500.9,95060.61,33704.67894
1736380800000,95060.61,95382.32,91203.67,92552.49,34544.83685
1736467200000,92552.49,95836.0,92206.02,94726.11,31482.86424
1736553600000,94726.1,95050.94,93831.73,94599.99,7047.9043
1736640000000,94599.99,95450.1,93711.19,94545.06,8606.86622
1736726400000,94545.07,95940.0,89256.69,94536.1,42619.56423
1736812800000,94536.11,97371.0,94346.22,96560.86,27846.61753
1736899200000,96560.85,100681.94,96500.0,100497.35,30509.99179
1736985600000,100497.35,100866.66,97335.13,99987.3,27832.85317
1737072000000,99987.3,105865.22,99950.77,104077.48,39171.85292
1737158400000,104077.47,104988.88,102277.55,104556.23,24307.82998
1737244800000,104556.23,106422.43,99651.6,101331.57,43397.28298
1737331200000,101331.57,109588.0,99550.0,102260.01,89529.231732
1737417600000,102260.0,107240.81,100119.04,106143.82,45941.02002
1737504000000,106143.82,106394.46,103339.12,103706.66,22248.69254
1737590400000,103706.66,106850.0,101262.28,103910.34,53953.12031
1737676800000,103910.35,107120.0,102750.0,104870.5,23609.24017
1737763200000,104870.51,105286.52,104106.09,104746.85,9068.32377
1737849600000,104746.86,105500.0,102520.44,102620.0,9812.51238
1737936000000,102620.01,103260.0,97777.77,102082.83,50758.1341
1738022400000,102082.83,103800.0,100272.68,101335.52,22022.05765
1738108800000,101335.52,104782.68,101328.01,103733.24,23155.35802
1738195200000,103733.25,106457.44,103278.54,104722.94,19374.07472
1738281600000,104722.94,106012.0,101560.0,102429.56,21983.18193
1738368000000,102429.56,102783.71,100279.51,100635.65,12290.95747
1738454400000,100635.66,101456.6,96150.0,97700.59,34619.49939
1738540800000,97700.59,102500.01,91231.0,101328.52,75164.7385
1738627200000,101328.51,101732.31,96150.0,97763.13,40267.98697
1738713600000,97763.14,99149.0,96155.0,96612.43,26233.30444
1738800000000,96612.44,99120.0,95676.64,96554.35,23515.20405
1738886400000,96554.35,100137.99,95620.34,96506.8,31794.22065
1738972800000,96506.8,96880.0,95688.0,96444.74,10147.24294
1739059200000,96444.75,97323.09,94713.0,96462.75,14120.91613
1739145600000,96462.75,98345.0,95256.0,97430.82,20572.87537
1739232000000,97430.82,98478.42,94876.88,95778.2,18647.76379
1739318400000,95778.21,98119.99,94088.23,97869.99,29151.16625
1739404800000,97870.0,98083.91,95217.36,96608.14,19921.77616
1739491200000,96608.13,98826.0,96252.82,97500.48,18173.02646
1739577600000,97500.47,97972.26,97223.58,97569.66,7349.37683
1739664000000,97569.67,97704.47,96046.18,96118.12,8191.4249
1739750400000,96118.12,97046.59,95205.0,95780.0,16492.0451
1739836800000,95780.01,96753.91,93388.09,95671.74,23368.19471
1739923200000,95671.74,96899.99,95029.99,96644.37,16438.50954
1740009600000,96644.37,98711.36,96415.09,98305.0,17057.39177
1740096000000,98305.01,99475.0,94871.95,96181.98,32249.2814
1740182400000,96181.99,96980.0,95770.49,96551.01,11268.17708
1740268800000,96551.01,96650.0,95227.94,96258.0,10884.84913
1740355200000,96258.0,96500.0,91349.26,91552.88,31550.10299
1740441600000,91552.88,92540.69,86050.99,88680.4,78333.11111
1740528000000,88680.39,89414.15,82256.01,84250.09,56893.54409
1740614400000,84250.09,87078.46,82716.49,84708.58,42505.45439
1740700800000,84708.57,85120.0,78258.52,84349.94,83648.03969
1740787200000,84349.95,86558.0,83824.78,86064.53,25785.05464
1740873600000,86064.54,95000.0,85050.6,94270.0,54889.09045
1740960000000,94269.99,94416.46,85117.11,86220.61,59171.10218
1741046400000,86221.16,88967.52,81500.0,87281.98,55609.10706
1741132800000,87281.98,91000.0,86334.53,90606.01,38264.01163
1741219200000,90606.0,92810.64,87836.0,89931.89,34342.44902
1741305600000,89931.88,91283.02,84667.03,86801.75,57980.35713
1741392000000,86801.74,86897.25,85218.47,86222.45,12989.23054
1741478400000,86222.46,86500.0,80000.0,80734.37,26115.39345
1741564800000,80734.48,84123.46,77459.91,78595.86,47633.38405
1741651200000,78595.86,83617.4,76606.0,82932.99,48770.06853
1741737600000,82932.99,84539.85,80607.65,83680.12,31933.986
1741824000000,83680.12,84336.33,79939.9,81115.78,27546.27412
1741910400000,81115.78,85309.71,80818.84,83983.2,26858.52755
1741996800000,83983.19,84676.28,83618.0,84338.44,11324.7332
1742083200000,84338.44,85117.04,81981.12,82574.53,17596.12531
1742169600000,82574.52,84756.83,82456.0,84010.03,17214.74358
1742256000000,84010.02,84021.74,81134.66,82715.03,17610.89883
1742342400000,82715.03,87000.0,82547.16,86845.94,28151.05374
1742428800000,86845.93,87453.67,83655.23,84223.39,22090.30463
1742515200000,84223.38,84850.33,83175.25,84088.79,11956.97443
1742601600000,84088.79,84539.17,83625.1,83840.59,5420.22114
1742688000000,83840.59,86129.64,83809.75,86082.5,8461.97813
1742774400000,86082.5,88765.43,85519.09,87498.16,30115.62111
1742860800000,87498.16,88539.63,86310.0,87392.87,22643.25248
1742947200000,87392.88,88275.0,85860.0,86909.17,18408.78485
1743033600000,86909.17,87756.39,85800.0,87232.01,17098.03897
1743120000000,87232.01,87515.67,83585.0,84424.38,27182.73169
1743206400000,84424.38,84624.73,81644.81,82648.54,11696.39864
1743292800000,82648.53,83534.64,81565.0,82389.99,9864.49508
1743379200000,82390.0,83943.08,81278.52,82550.01,20569.13885
1743465600000,82550.0,85579.46,82432.74,85158.34,20190.39697
1743552000000,85158.35,88500.0,82320.0,82516.29,39931.457
1743638400000,82516.28,83998.02,81211.24,83213.09,27337.84135
1743724800000,83213.09,84720.0,81659.0,83889.87,32915.53976
1743811200000,83889.87,84266.0,82379.95,83537.99,9360.40468
1743897600000,83537.99,83817.63,77153.83,78430.0,27942.71436
1743984000000,78430.0,81243.58,74508.0,79163.24,78387.53089
1744070400000,79163.24,80867.99,76239.9,76322.42,35317.32063
1744156800000,76322.42,83588.0,74620.0,82615.22,75488.28772
1744243200000,82615.22,82753.21,78464.36,79607.3,33284.80718
1744329600000,79607.3,84300.0,78969.58,83423.84,34435.43797
1744416000000,83423.83,85905.0,82792.95,85276.9,18470.74437
1744502400000,85276.91,86100.0,83034.23,83760.0,24680.04181
1744588800000,83760.0,85799.99,83678.0,84591.58,28659.09348
1744675200000,84591.58,86496.42,83600.0,83643.99,20910.99528
1744761600000,83643.99,85500.0,83111.64,84030.38,20867.24519
1744848000000,84030.38,85470.01,83736.26,84947.91,13728.84772
1744934400000,84947.92,85132.08,84303.96,84474.69,6529.96315
1745020800000,84474.7,85677.99,84364.45,85077.01,9666.58153
1745107200000,85077.0,85320.76,83949.52,85179.24,8091.67725
1745193600000,85179.24,88465.99,85144.76,87516.23,31773.37262
1745280000000,87516.22,93888.0,87076.03,93442.99,43872.74705
1745366400000,93442.99,94696.05,91935.41,93691.08,27404.16808
1745452800000,93691.07,94005.0,91660.01,93980.47,19497.06071
1745539200000,93980.47,95758.04,92855.96,94638.68,27500.66648
1745625600000,94638.68,95199.0,93870.69,94628.0,9415.06875
1745712000000,94628.0,95369.0,93602.58,93749.3,11162.841
1745798400000,93749.29,95630.0,92800.01,95011.18,22157.53351
1745884800000,95011.18,95461.53,93742.54,94256.82,16955.3402
1745971200000,94256.82,95228.45,92910.0,94172.0,17661.2751
1746057600000,94172.0,97424.02,94130.43,96489.91,21380.45343
1746144000000,96489.9,97895.68,96350.0,96887.14,14905.74811
1746230400000,96887.13,96935.67,95753.01,95856.42,9723.34838
1746316800000,95856.42,96304.48,94151.38,94277.62,11036.38342
1746403200000,94277.61,95199.0,93514.1,94733.68,17251.18189
1746489600000,94733.68,96920.65,93377.0,96834.02,16122.64513
1746576000000,96834.02,97732.0,95784.61,97030.5,16644.83854
1746662400000,97030.5,104145.76,96876.29,103261.6,34962.02847
1746748800000,103261.61,104361.3,102315.14,102971.99,27617.39907
1746835200000,102971.99,104984.57,102818.76,104809.53,15324.78611
1746921600000,104809.53,104972.0,103345.06,104118.0,17987.12197
1747008000000,104118.0,105819.45,100718.37,102791.32,31272.77792
1747094400000,102791.32,104976.25,101429.7,104103.72,21253.42409
1747180800000,104103.72,104356.95,102602.05,103507.82,16452.9081
1747267200000,103507.83,104192.7,101383.07,103763.71,17998.98604
1747353600000,103763.71,104550.33,103100.49,103463.9,15683.88024
1747440000000,103463.9,103709.86,102612.5,103126.65,11250.89622
1747526400000,103126.65,106660.0,103105.09,106454.26,21599.98726
1747612800000,106454.27,107108.62,102000.0,105573.74,30260.03524
1747699200000,105573.73,107320.0,104184.72,106849.99,23705.48275
1747785600000,106850.0,110797.38,106100.01,109643.99,45531.040345
1747872000000,109643.99,111980.0,109177.37,111696.21,31630.77313
1747958400000,111696.22,111800.0,106800.0,107318.3,31737.72309
1748044800000,107318.3,109506.03,106875.41,107761.91,16782.53129
1748131200000,107761.9,109299.99,106600.64,109004.19,17710.04695
1748217600000,109004.2,110422.22,108670.58,109434.79,14649.11593
1748304000000,109434.78,110718.0,107516.57,108938.17,21276.65635
1748390400000,108938.17,109284.7,106769.43,107781.78,15633.78829
1748476800000,107781.78,108891.91,105322.86,105589.75,19834.70116
1748563200000,105589.75,106313.12,103621.0,103985.48,23706.49799
1748649600000,103985.47,104900.0,103068.55,104591.88,11289.35922
1748736000000,104591.88,105866.91,103752.49,105642.93,9709.70006
1748822400000,105642.93,105935.63,103659.88,105857.99,13453.98813
1748908800000,105858.0,106794.67,104872.5,105376.89,13259.52634
1748995200000,105376.9,106000.0,104179.0,104696.86,14034.89482
1749081600000,104696.86,105909.71,100372.26,101508.68,22321.50154
1749168000000,101508.69,105333.0,101095.8,104288.44,15839.07385
1749254400000,104288.43,105900.0,103871.09,105552.15,8344.93206
1749340800000,105552.15,106488.14,104964.14,105734.0,8048.06305
1749427200000,105734.01,110530.17,105318.37,110263.02,19975.37451
1749513600000,110263.02,110400.0,108331.03,110274.39,17071.82839
1749600000000,110274.39,110392.01,108064.0,108645.12,13115.91638
1749686400000,108645.13,108813.55,105671.72,105671.73,17778.67218
1749772800000,105671.74,106179.53,102664.31,106066.59,26180.81734
1749859200000,106066.59,106252.0,104359.5,104609.53,6604.28961
1749859200000,106066.59,106252.0,104359.5,104609.53,6604.29368
1749859200000,106066.59,106252.0,104359.5,104609.53,6604.29769
1749859200000,106066.59,106252.0,104359.5,104609.53,6604.29915
1749859200000,106066.59,106252.0,104359.5,104609.53,6604.31523
1749859200000,106066.59,106252.0,104359.5,104609.53,6604.31895
1749859200000,106066.59,106252.0,104359.5,104609.53,6604.37099
1749859200000,106066.59,106252.0,104359.5,104609.53,6604.37826
1749859200000,106066.59,106252.0,104359.5,104609.53,6604.40448
1749859200000,106066.59,106252.0,104359.5,104609.53,6604.42652
1749859200000,106066.59,106252.0,104359.5,104609.53,6604.43887
1749859200000,106066.59,106252.0,104359.5,104609.53,6604.44842
1749859200000,106066.59,106252.0,104359.5,104600.01,6604.75291
1749859200000,106066.59,106252.0,104359.5,104614.07,6605.92013
1749859200000,106066.59,106252.0,104359.5,104619.5,6606.0665
1749859200000,106066.59,106252.0,104359.5,104619.5,6606.07341
1749859200000,106066.59,106252.0,104359.5,104619.49,6606.09746
1749859200000,106066.59,106252.0,104359.5,104619.5,6606.10079
1749859200000,106066.59,106252.0,104359.5,104624.7,6606.19012
1749859200000,106066.59,106252.0,104359.5,104624.7,6606.19817
1749859200000,106066.59,106252.0,104359.5,104624.7,6606.20422
1749859200000,106066.59,106252.0,104359.5,104624.7,6606.26437
1749859200000,106066.59,106252.0,104359.5,104624.69,6606.26907
1749859200000,106066.59,106252.0,104359.5,104624.7,6606.27124
1749859200000,106066.59,106252.0,104359.5,104624.69,6606.33202
1749859200000,106066.59,106252.0,104359.5,104624.69,6606.38184
1749859200000,106066.59,106252.0,104359.5,104624.69,6606.38889
1749859200000,106066.59,106252.0,104359.5,104637.72,6606.58301
1749859200000,106066.59,106252.0,104359.5,104637.71,6606.5862
1749859200000,106066.59,106252.0,104359.5,104637.72,6606.59092
1749859200000,106066.59,106252.0,104359.5,104637.71,6606.59699
1749859200000,106066.59,106252.0,104359.5,104637.72,6606.66825
1749859200000,106066.59,106252.0,104359.5,104637.72,6606.76406
1749859200000,106066.59,106252.0,104359.5,104647.05,6607.13714
1749859200000,106066.59,106252.0,104359.5,104649.88,6607.64955
1749859200000,106066.59,106252.0,104359.5,104649.88,6607.65175
1749859200000,106066.59,106252.0,104359.5,104652.78,6607.71833
1749859200000,106066.59,106252.0,104359.5,104652.78,6607.72063
1749859200000,106066.59,106252.0,104359.5,104656.31,6607.86671
1749859200000,106066.59,106252.0,104359.5,104656.31,6607.8811
1749859200000,106066.59,106252.0,104359.5,104656.31,6607.88862
1749859200000,106066.59,106252.0,104359.5,104656.3,6607.91052
1749859200000,106066.59,106252.0,104359.5,104656.3,6607.91323
1749859200000,106066.59,106252.0,104359.5,104656.31,6607.96222
1749859200000,106066.59,106252.0,104359.5,104656.31,6608.00615
1749859200000,106066.59,106252.0,104359.5,104656.31,6608.16578
1749859200000,106066.59,106252.0,104359.5,104656.3,6608.16593
1749859200000,106066.59,106252.0,104359.5,104656.3,6609.40103
1749859200000,106066.59,106252.0,104359.5,104656.3,6609.79679
1749859200000,106066.59,106252.0,104359.5,104656.31,6609.81262
1749859200000,106066.59,106252.0,104359.5,104656.31,6609.86292
1749859200000,106066.59,106252.0,104359.5,104656.3,6609.86955
1749859200000,106066.59,106252.0,104359.5,104656.31,6609.87093
1749859200000,106066.59,106252.0,104359.5,104656.3,6609.87503
1749859200000,106066.59,106252.0,104359.5,104662.75,6610.4909
1749859200000,106066.59,106252.0,104359.5,104662.76,6610.49879
1749859200000,106066.59,106252.0,104359.5,104666.44,6610.59892
1749859200000,106066.59,106252.0,104359.5,104668.86,6610.69358
1749859200000,106066.59,106252.0,104359.5,104668.86,6610.72854
1749859200000,106066.59,106252.0,104359.5,104668.87,6610.73061
1749859200000,106066.59,106252.0,104359.5,104668.87,6610.74809
1749859200000,106066.59,106252.0,104359.5,104668.87,6610.75464
1749859200000,106066.59,106252.0,104359.5,104668.87,6611.25525
1749859200000,106066.59,106252.0,104359.5,104668.86,6611.26159
1749859200000,106066.59,106252.0,104359.5,104668.87,6611.26225
1749859200000,106066.59,106252.0,104359.5,104676.72,6611.45019
1749859200000,106066.59,106252.0,104359.5,104676.72,6611.45155
1749859200000,106066.59,106252.0,104359.5,104676.72,6611.45301
1749859200000,106066.59,106252.0,104359.5,104676.71,6611.46558
1749859200000,106066.59,106252.0,104359.5,104676.72,6611.52747
1749859200000,106066.59,106252.0,104359.5,104676.71,6611.52826
1749859200000,106066.59,106252.0,104359.5,104676.72,6611.52853
1749859200000,106066.59,106252.0,104359.5,104676.71,6611.61109
1749859200000,106066.59,106252.0,104359.5,104676.71,6611.61109
1749859200000,106066.59,106252.0,104359.5,104676.72,6611.6138
1749859200000,106066.59,106252.0,104359.5,104676.71,6612.00678
1749859200000,106066.59,106252.0,104359.5,104676.71,6612.00684
1749859200000,106066.59,106252.0,104359.5,104676.72,6612.01511
1749859200000,106066.59,106252.0,104359.5,104676.71,6612.02829
1749859200000,106066.59,106252.0,104359.5,104676.72,6612.10082
1749859200000,106066.59,106252.0,104359.5,104676.71,6612.10276
1749859200000,106066.59,106252.0,104359.5,104669.54,6612.52221
1749859200000,106066.59,106252.0,104359.5,104669.54,6612.5265
1749859200000,106066.59,106252.0,104359.5,104669.54,6612.52937
1749859200000,106066.59,106252.0,104359.5,104669.54,6612.53166
1749859200000,106066.59,106252.0,104359.5,104669.54,6612.54563
1749859200000,106066.59,106252.0,104359.5,104669.54,6612.95496
1749859200000,106066.59,106252.0,104359.5,104669.54,6612.98835
1749859200000,106066.59,106252.0,104359.5,104669.54,6612.99027
1749859200000,106066.59,106252.0,104359.5,104669.55,6612.99735
1749859200000,106066.59,106252.0,104359.5,104669.55,6613.00628
1749859200000,106066.59,106252.0,104359.5,104669.54,6613.0597
1749859200000,106066.59,106252.0,104359.5,104669.54,6613.06163
1749859200000,106066.59,106252.0,104359.5,104669.54,6613.45354
1749859200000,106066.59,106252.0,104359.5,104669.54,6613.45387
1749859200000,106066.59,106252.0,104359.5,104669.54,6613.48273
1749859200000,106066.59,106252.0,104359.5,104669.54,6613.49131
1749859200000,106066.59,106252.0,104359.5,104669.55,6613.50128
1749859200000,106066.59,106252.0,104359.5,104670.08,6614.13936
1749859200000,106066.59,106252.0,104359.5,104673.99,6614.37608
